Name,Country,Height
Ryu,Japan,68.89763779527559
Ken,USA,68.89763779527559
Chun-Li,China,64.96062992125984
Guile,USA,71.65354330708661
E. Honda,Japan,72.83464566929133
Dhalsim,India,69.29133858267717
Blanka,Brazil,75.59055118110236
Zangief,Russia,84.25196850393701
